{"count":1,"self":5977.1015167999994,"total":24026.751942299998,"children":{"InitializeActuators":{"count":62131,"self":0.2030186,"total":0.2030186,"children":null},"InitializeSensors":{"count":62131,"self":0.3124802,"total":0.3124802,"children":null},"AgentSendState":{"count":2505268,"self":38.006406399999996,"total":427.0232699,"children":{"CollectObservations":{"count":14930416,"self":206.096704,"total":206.09671,"children":null},"WriteActionMask":{"count":14930416,"self":6.8158303999999994,"total":6.81583,"children":null},"RequestDecision":{"count":14930416,"self":24.3518544,"total":176.1043244,"children":{"AgentInfo.ToProto":{"count":14930416,"self":20.622179199999998,"total":151.7524703,"children":{"GenerateSensorData":{"count":14930416,"self":131.1302912,"total":131.1302916,"children":null}}}}}}},"DecideAction":{"count":2505268,"self":16549.206425599998,"total":16549.2059344,"children":null},"AgentAct":{"count":2505268,"self":1071.5905023999999,"total":1072.8063259,"children":{"AgentInfo.ToProto":{"count":58318,"self":0.2324782,"total":1.2158115999999999,"children":{"GenerateSensorData":{"count":58318,"self":0.98333339999999991,"total":0.98333339999999991,"children":null}}}}},"AgentInfo.ToProto":{"count":4676,"self":0.0185613,"total":0.0992894,"children":{"GenerateSensorData":{"count":4676,"self":0.0807281,"total":0.0807281,"children":null}}}},"gauges":{"BoidAgent.CumulativeReward":{"count":62060,"max":268.878754,"min":-1.26222789,"runningAverage":17.1938725,"value":49.2209,"weightedAverage":40.6809235},"HunterAgent.CumulativeReward":{"count":934,"max":67.7585754,"min":21.1581936,"runningAverage":60.7049026,"value":62.4282761,"weightedAverage":63.59799}},"metadata":{"timer_format_version":"0.1.0","start_time_seconds":"1774480448","unity_version":"6000.3.6f1","command_line_arguments":"C:\\Program Files\\Unity\\Hub\\Editor\\6000.3.6f1\\Editor\\Unity.exe -projectpath C:\\EIT_EMAI\\Creating Virtual Worlds\\unity\\racing game\\3dWorlds\\td4 -acceptSoftwareTermsForThisRunOnly -useHub -hubIPC -cloudEnvironment production","communication_protocol_version":"1.5.0","com.unity.ml-agents_version":"4.0.2","scene_name":"BoidHunter2D","end_time_seconds":"1774504475"}}