{"count":1,"self":2035.6599807999999,"total":41354.45737,"children":{"InitializeActuators":{"count":50444,"self":0.11682669999999999,"total":0.11682669999999999,"children":null},"InitializeSensors":{"count":50444,"self":0.20208979999999999,"total":0.20208979999999999,"children":null},"AgentSendState":{"count":1984901,"self":36.762927999999995,"total":460.90631099999996,"children":{"CollectObservations":{"count":14726817,"self":242.88570879999997,"total":242.88570629999998,"children":null},"WriteActionMask":{"count":14726817,"self":6.8905968,"total":6.8905967,"children":null},"RequestDecision":{"count":14726817,"self":24.113196799999997,"total":174.36708099999998,"children":{"AgentInfo.ToProto":{"count":14726817,"self":20.1030096,"total":150.25388379999998,"children":{"GenerateSensorData":{"count":14726817,"self":130.15087359999998,"total":130.1508739,"children":null}}}}}}},"DecideAction":{"count":1984901,"self":37607.4829824,"total":37607.4816792,"children":null},"AgentAct":{"count":1984901,"self":1249.0914816,"total":1249.9827688999999,"children":{"AgentInfo.ToProto":{"count":46383,"self":0.17329409999999998,"total":0.8912521,"children":{"GenerateSensorData":{"count":46383,"self":0.717958,"total":0.717958,"children":null}}}}},"AgentInfo.ToProto":{"count":4834,"self":0.0166081,"total":0.1076191,"children":{"GenerateSensorData":{"count":4834,"self":0.091011,"total":0.091011,"children":null}}}},"gauges":{"BoidAgent.CumulativeReward":{"count":50412,"max":627.1774,"min":-1.13958228,"runningAverage":22.5984879,"value":19.898241,"weightedAverage":17.2166367},"HunterAgent.CumulativeReward":{"count":805,"max":68.66408,"min":-0.0219794456,"runningAverage":57.4702873,"value":66.2881,"weightedAverage":55.12557}},"metadata":{"timer_format_version":"0.1.0","start_time_seconds":"1774554461","unity_version":"6000.3.6f1","command_line_arguments":"C:\\Program Files\\Unity\\Hub\\Editor\\6000.3.6f1\\Editor\\Unity.exe -projectpath C:\\EIT_EMAI\\Creating Virtual Worlds\\unity\\racing game\\3dWorlds\\td4 -acceptSoftwareTermsForThisRunOnly -useHub -hubIPC -cloudEnvironment production","communication_protocol_version":"1.5.0","com.unity.ml-agents_version":"4.0.2","scene_name":"BoidHunter2D","end_time_seconds":"1774595816"}}