{"count":1,"self":97.3553408,"total":101.2951463,"children":{"InitializeActuators":{"count":284,"self":0.0030147999999999998,"total":0.0030147999999999998,"children":null},"InitializeSensors":{"count":284,"self":0.0030250999999999998,"total":0.0030250999999999998,"children":null},"AgentSendState":{"count":4554,"self":0.2839221,"total":1.6319466999999999,"children":{"CollectObservations":{"count":104654,"self":0.9785358,"total":0.9785358,"children":null},"WriteActionMask":{"count":104654,"self":0.053796899999999995,"total":0.053796899999999995,"children":null},"RequestDecision":{"count":104654,"self":0.31569189999999997,"total":0.31569189999999997,"children":null}}},"DecideAction":{"count":4554,"self":1.8399892,"total":1.8399892999999998,"children":null},"AgentAct":{"count":4554,"self":0.4608313,"total":0.4608313,"children":null}},"gauges":{"BoidAgent.CumulativeReward":{"count":140,"max":47.4215,"min":6.98320341,"runningAverage":19.4542274,"value":43.4087677,"weightedAverage":38.1515045},"HunterAgent.CumulativeReward":{"count":2,"max":133.391678,"min":120.93261,"runningAverage":127.16214,"value":120.93261,"weightedAverage":130.276917}},"metadata":{"timer_format_version":"0.1.0","start_time_seconds":"1775336235","unity_version":"6000.3.6f1","command_line_arguments":"C:\\Program Files\\Unity\\Hub\\Editor\\6000.3.6f1\\Editor\\Unity.exe -projectpath C:\\EIT_EMAI\\Creating Virtual Worlds\\unity\\racing game\\3dWorlds\\td4 -acceptSoftwareTermsForThisRunOnly -useHub -hubIPC -cloudEnvironment production","communication_protocol_version":"1.5.0","com.unity.ml-agents_version":"4.0.2","scene_name":"Story_03","end_time_seconds":"1775336336"}}