{
    "name": "root",
    "gauges": {
        "BoidAgent.Policy.Entropy.mean": {
            "value": 1.3483963012695312,
            "min": 1.3483961820602417,
            "max": 1.3834929466247559,
            "count": 29
        },
        "BoidAgent.Policy.Entropy.sum": {
            "value": 674687.625,
            "min": 362022.75,
            "max": 686413.125,
            "count": 29
        },
        "BoidAgent.Environment.EpisodeLength.mean": {
            "value": 174.90889905029897,
            "min": 169.96786324786325,
            "max": 459.6663652802893,
            "count": 29
        },
        "BoidAgent.Environment.EpisodeLength.sum": {
            "value": 497266.0,
            "min": 245264.0,
            "max": 508781.0,
            "count": 29
        },
        "BoidAgent.Step.mean": {
            "value": 15499989.0,
            "min": 1499957.0,
            "max": 15499989.0,
            "count": 29
        },
        "BoidAgent.Step.sum": {
            "value": 15499989.0,
            "min": 1499957.0,
            "max": 15499989.0,
            "count": 29
        },
        "BoidAgent.Policy.ExtrinsicValueEstimate.mean": {
            "value": 5.910811424255371,
            "min": 5.150988578796387,
            "max": 6.505525588989258,
            "count": 29
        },
        "BoidAgent.Policy.ExtrinsicValueEstimate.sum": {
            "value": 54042.55078125,
            "min": 27286.859375,
            "max": 54562.671875,
            "count": 29
        },
        "BoidAgent.Environment.CumulativeReward.mean": {
            "value": 12.361311369522165,
            "min": 11.944202542498646,
            "max": 35.736757463076664,
            "count": 29
        },
        "BoidAgent.Environment.CumulativeReward.sum": {
            "value": 35143.20822355151,
            "min": 19784.01229864359,
            "max": 40933.54889455438,
            "count": 29
        },
        "BoidAgent.Policy.ExtrinsicReward.mean": {
            "value": 12.361311369522165,
            "min": 11.944202542498646,
            "max": 35.736757463076664,
            "count": 29
        },
        "BoidAgent.Policy.ExtrinsicReward.sum": {
            "value": 35143.20822355151,
            "min": 19784.01229864359,
            "max": 40933.54889455438,
            "count": 29
        },
        "BoidAgent.Losses.PolicyLoss.mean": {
            "value": 0.024145836113971194,
            "min": 0.023334733872210942,
            "max": 0.024145836113971194,
            "count": 8
        },
        "BoidAgent.Losses.PolicyLoss.sum": {
            "value": 1.0865626251287037,
            "min": 0.5292941646095441,
            "max": 1.0865626251287037,
            "count": 8
        },
        "BoidAgent.Losses.ValueLoss.mean": {
            "value": 0.9465150970494842,
            "min": 0.827989037538643,
            "max": 1.185214528099135,
            "count": 8
        },
        "BoidAgent.Losses.ValueLoss.sum": {
            "value": 42.59317936722679,
            "min": 26.07471961818097,
            "max": 48.295430459388946,
            "count": 8
        },
        "BoidAgent.Policy.LearningRate.mean": {
            "value": 1.5025981658037775e-05,
            "min": 1.5025981658037775e-05,
            "max": 0.0002177956883105373,
            "count": 8
        },
        "BoidAgent.Policy.LearningRate.sum": {
            "value": 0.0006761691746116999,
            "min": 0.0006761691746116999,
            "max": 0.008771673196109463,
            "count": 8
        },
        "BoidAgent.Policy.Epsilon.mean": {
            "value": 0.10500862888888889,
            "min": 0.10500862888888889,
            "max": 0.17259855363636364,
            "count": 8
        },
        "BoidAgent.Policy.Epsilon.sum": {
            "value": 4.7253883,
            "min": 3.7971681800000003,
            "max": 7.423890540000001,
            "count": 8
        },
        "BoidAgent.Policy.Beta.mean": {
            "value": 0.00025993058155555557,
            "min": 0.00025993058155555557,
            "max": 0.0036326678264545446,
            "count": 8
        },
        "BoidAgent.Policy.Beta.sum": {
            "value": 0.01169687617,
            "min": 0.01169687617,
            "max": 0.14635213794600002,
            "count": 8
        },
        "BoidAgent.IsTraining.mean": {
            "value": 0.0,
            "min": 0.0,
            "max": 1.0,
            "count": 29
        },
        "BoidAgent.IsTraining.sum": {
            "value": 0.0,
            "min": 0.0,
            "max": 1.0,
            "count": 29
        },
        "HunterAgent.Policy.Entropy.mean": {
            "value": 1.332383394241333,
            "min": 1.332383394241333,
            "max": 1.4206793308258057,
            "count": 5
        },
        "HunterAgent.Policy.Entropy.sum": {
            "value": 133267.65625,
            "min": 109112.4375,
            "max": 141137.171875,
            "count": 5
        },
        "HunterAgent.Step.mean": {
            "value": 499961.0,
            "min": 99959.0,
            "max": 499961.0,
            "count": 5
        },
        "HunterAgent.Step.sum": {
            "value": 499961.0,
            "min": 99959.0,
            "max": 499961.0,
            "count": 5
        },
        "HunterAgent.Policy.ExtrinsicValueEstimate.mean": {
            "value": 9.57541561126709,
            "min": 7.819406509399414,
            "max": 9.57541561126709,
            "count": 5
        },
        "HunterAgent.Policy.ExtrinsicValueEstimate.sum": {
            "value": 15981.369140625,
            "min": 9998.20703125,
            "max": 15981.369140625,
            "count": 5
        },
        "HunterAgent.Environment.EpisodeLength.mean": {
            "value": 495.9850746268657,
            "min": 495.9850746268657,
            "max": 571.88,
            "count": 5
        },
        "HunterAgent.Environment.EpisodeLength.sum": {
            "value": 99693.0,
            "min": 76412.0,
            "max": 100079.0,
            "count": 5
        },
        "HunterAgent.Environment.CumulativeReward.mean": {
            "value": 63.90189181990106,
            "min": 56.32862124365658,
            "max": 63.90189181990106,
            "count": 5
        },
        "HunterAgent.Environment.CumulativeReward.sum": {
            "value": 12844.280255800113,
            "min": 7735.414022441255,
            "max": 12844.280255800113,
            "count": 5
        },
        "HunterAgent.Policy.ExtrinsicReward.mean": {
            "value": 63.90189181990106,
            "min": 56.32862124365658,
            "max": 63.90189181990106,
            "count": 5
        },
        "HunterAgent.Policy.ExtrinsicReward.sum": {
            "value": 12844.280255800113,
            "min": 7735.414022441255,
            "max": 12844.280255800113,
            "count": 5
        },
        "HunterAgent.Losses.PolicyLoss.mean": {
            "value": 0.04797519813716159,
            "min": 0.04495411897775065,
            "max": 0.04797519813716159,
            "count": 5
        },
        "HunterAgent.Losses.PolicyLoss.sum": {
            "value": 2.3028095105837565,
            "min": 1.67740165113355,
            "max": 2.3028095105837565,
            "count": 5
        },
        "HunterAgent.Losses.ValueLoss.mean": {
            "value": 4.492420884677105,
            "min": 4.251988935430034,
            "max": 7.218592623869578,
            "count": 5
        },
        "HunterAgent.Losses.ValueLoss.sum": {
            "value": 215.63620246450105,
            "min": 208.34745783607164,
            "max": 259.8693344593048,
            "count": 5
        },
        "HunterAgent.Policy.LearningRate.mean": {
            "value": 0.00023245191314103645,
            "min": 0.00023245191314103645,
            "max": 0.0002907448864183722,
            "count": 5
        },