{
    "name": "root",
    "metadata": {
        "timer_format_version": "0.1.0",
        "start_time_seconds": "1774798109",
        "python_version": "3.10.11 (tags/v3.10.11:7d4cc5a, Apr  5 2023, 00:38:17) [MSC v.1929 64 bit (AMD64)]",
        "command_line_arguments": "C:\\Users\\crist\\AppData\\Local\\Python\\pythoncore-3.10-64\\lib\\site-packages\\mlagents\\trainers\\learn.py hunterTrainer.yaml --run-id=Hunter_LevelUp_11 --resume",
        "mlagents_version": "1.1.0",
        "mlagents_envs_version": "1.1.0",
        "communication_protocol_version": "1.5.0",
        "pytorch_version": "2.2.2+cpu",
        "numpy_version": "1.23.5",
        "end_time_seconds": "1774798186"
    },
    "total": 76.5995183000341,
    "count": 1,
    "self": 0.013631000183522701,
    "children": {
        "run_training.setup": {
            "total": 0.1537147999042645,
            "count": 1,
            "self": 0.1537147999042645
        },
        "TrainerController.start_learning": {
            "total": 76.43217249994632,
            "count": 1,
            "self": 0.039384999545291066,
            "children": {
                "TrainerController._reset_env": {
                    "total": 25.268188299960457,
                    "count": 1,
                    "self": 25.268188299960457
                },
                "TrainerController.advance": {
                    "total": 50.90202480042353,
                    "count": 1813,
                    "self": 0.03708259970881045,
                    "children": {
                        "env_step": {
                            "total": 36.708400000236,
                            "count": 1813,
                            "self": 32.402573799015954,
                            "children": {
                                "SubprocessEnvManager._take_step": {
                                    "total": 4.279592700651847,
                                    "count": 1813,
                                    "self": 0.12179320037830621,
                                    "children": {
                                        "TorchPolicy.evaluate": {
                                            "total": 4.157799500273541,
                                            "count": 1811,
                                            "self": 4.157799500273541
                                        }
                                    }
                                },
                                "workers": {
                                    "total": 0.026233500568196177,
                                    "count": 1813,
                                    "self": 0.0,
                                    "children": {
                                        "worker_root": {
                                            "total": 52.4617466032505,
                                            "count": 1813,
                                            "is_parallel": true,
                                            "self": 22.281462705112062,
                                            "children": {
                                                "steps_from_proto": {
                                                    "total": 0.0010329000651836395,
                                                    "count": 1,
                                                    "is_parallel": true,
                                                    "self": 0.00015679991338402033,
                                                    "children": {
                                                        "_process_rank_one_or_two_observation": {
                                                            "total": 0.0008761001517996192,
                                                            "count": 4,
                                                            "is_parallel": true,
                                                            "self": 0.0008761001517996192
                                                        }
                                                    }
                                                },
                                                "UnityEnvironment.step": {
                                                    "total": 30.179250998073258,
                                                    "count": 1813,
                                                    "is_parallel": true,
                                                    "self": 0.1814926948864013,
                                                    "children": {
                                                        "UnityEnvironment._generate_step_input": {
                                                            "total": 0.1411697012372315,
                                                            "count": 1813,
                                                            "is_parallel": true,
                                                            "self": 0.1411697012372315
                                                        },
                                                        "communicator.exchange": {
                                                            "total": 29.356832604389638,
                                                            "count": 1813,
                                                            "is_parallel": true,
                                                            "self": 29.356832604389638
                                                        },
                                                        "steps_from_proto": {
                                                            "total": 0.499755997559987,
                                                            "count": 1813,
                                                            "is_parallel": true,
                                                            "self": 0.1711782932979986,
                                                            "children": {
                                                                "_process_rank_one_or_two_observation": {
                                                                    "total": 0.3285777042619884,
                                                                    "count": 7252,
                                                                    "is_parallel": true,
                                                                    "self": 0.3285777042619884
                                                                }
                                                            }
                                                        }
                                                    }
                                                }
                                            }
                                        }
                                    }
                                }
                            }
                        },
                        "trainer_advance": {
                            "total": 14.156542200478725,
                            "count": 1813,
                            "self": 0.04405129456426948,
                            "children": {
                                "process_trajectory": {
                                    "total": 1.0287070058984682,
                                    "count": 1813,
                                    "self": 1.0287070058984682
                                },
                                "_update_policy": {
                                    "total": 13.083783900015987,
                                    "count": 3,
                                    "self": 0.31847150006797165,
                                    "children": {
                                        "TorchPPOOptimizer.update": {
                                            "total": 12.765312399948016,
                                            "count": 45,