{
    "name": "root",
    "gauges": {
        "BoidAgent.Policy.Entropy.mean": {
            "value": 1.4164100885391235,
            "min": 1.3667981624603271,
            "max": 1.4484624862670898,
            "count": 28
        },
        "BoidAgent.Policy.Entropy.sum": {
            "value": 708712.125,
            "min": 682953.5,
            "max": 727086.1875,
            "count": 28
        },
        "BoidAgent.Step.mean": {
            "value": 13999942.0,
            "min": 499991.0,
            "max": 13999942.0,
            "count": 28
        },
        "BoidAgent.Step.sum": {
            "value": 13999942.0,
            "min": 499991.0,
            "max": 13999942.0,
            "count": 28
        },
        "BoidAgent.Policy.ExtrinsicValueEstimate.mean": {
            "value": 5.807634353637695,
            "min": 3.2085328102111816,
            "max": 7.2993974685668945,
            "count": 28
        },
        "BoidAgent.Policy.ExtrinsicValueEstimate.sum": {
            "value": 50189.578125,
            "min": 30593.361328125,
            "max": 59636.078125,
            "count": 28
        },
        "BoidAgent.Environment.EpisodeLength.mean": {
            "value": 306.7484548825711,
            "min": 128.26395677900695,
            "max": 1158.5664556962026,
            "count": 28
        },
        "BoidAgent.Environment.EpisodeLength.sum": {
            "value": 496319.0,
            "min": 366107.0,
            "max": 623798.0,
            "count": 28
        },
        "BoidAgent.Environment.CumulativeReward.mean": {
            "value": 24.59069056315313,
            "min": 8.893053131811042,
            "max": 82.70056591550761,
            "count": 28
        },
        "BoidAgent.Environment.CumulativeReward.sum": {
            "value": 39787.737331181765,
            "min": 26133.378829300404,
            "max": 48592.23933774233,
            "count": 28
        },
        "BoidAgent.Policy.ExtrinsicReward.mean": {
            "value": 24.59069056315313,
            "min": 8.893053131811042,
            "max": 82.70056591550761,
            "count": 28
        },
        "BoidAgent.Policy.ExtrinsicReward.sum": {
            "value": 39787.737331181765,
            "min": 26133.378829300404,
            "max": 48592.23933774233,
            "count": 28
        },
        "BoidAgent.Losses.PolicyLoss.mean": {
            "value": 0.02333568478770387,
            "min": 0.02251778368509823,
            "max": 0.024866271353297265,
            "count": 28
        },
        "BoidAgent.Losses.PolicyLoss.sum": {
            "value": 1.0267701306589703,
            "min": 1.0133002658294203,
            "max": 1.118982210898377,
            "count": 28
        },
        "BoidAgent.Losses.ValueLoss.mean": {
            "value": 0.7697109605057076,
            "min": 0.37136597394684007,
            "max": 1.3566515487184962,
            "count": 28
        },
        "BoidAgent.Losses.ValueLoss.sum": {
            "value": 33.86728226225114,
            "min": 16.711468827607803,
            "max": 61.04931969233233,
            "count": 28
        },
        "BoidAgent.Policy.LearningRate.mean": {
            "value": 0.00021752979771734934,
            "min": 0.00021752979771734934,
            "max": 0.0002984367833210724,
            "count": 28
        },
        "BoidAgent.Policy.LearningRate.sum": {
            "value": 0.00957131109956337,
            "min": 0.00957131109956337,
            "max": 0.013593080636973143,
            "count": 28
        },
        "BoidAgent.Policy.Epsilon.mean": {
            "value": 0.17250992340909094,
            "min": 0.17250992340909094,
            "max": 0.1994789276,
            "count": 28
        },
        "BoidAgent.Policy.Epsilon.sum": {
            "value": 7.590436630000001,
            "min": 7.590436630000001,
            "max": 9.131026855999998,
            "count": 28
        },
        "BoidAgent.Policy.Beta.mean": {
            "value": 0.0036282451781136367,
            "min": 0.0036282451781136367,
            "max": 0.00497399848724,
            "count": 28
        },
        "BoidAgent.Policy.Beta.sum": {
            "value": 0.159642787837,
            "min": 0.159642787837,
            "max": 0.2265582401144,
            "count": 28
        },
        "BoidAgent.IsTraining.mean": {
            "value": 1.0,
            "min": 1.0,
            "max": 1.0,
            "count": 28
        },
        "BoidAgent.IsTraining.sum": {
            "value": 1.0,
            "min": 1.0,
            "max": 1.0,
            "count": 28
        },
        "HunterAgent.Policy.Entropy.mean": {
            "value": 1.3815711736679077,
            "min": 1.3815711736679077,
            "max": 1.421680212020874,
            "count": 3
        },
        "HunterAgent.Policy.Entropy.sum": {
            "value": 138125.34375,
            "min": 138125.34375,
            "max": 142177.96875,
            "count": 3
        },
        "HunterAgent.Step.mean": {
            "value": 299944.0,
            "min": 99943.0,
            "max": 299944.0,
            "count": 3
        },
        "HunterAgent.Step.sum": {
            "value": 299944.0,
            "min": 99943.0,
            "max": 299944.0,
            "count": 3
        },
        "HunterAgent.Policy.ExtrinsicValueEstimate.mean": {
            "value": 11.976515769958496,
            "min": 7.079482555389404,
            "max": 11.976515769958496,
            "count": 3
        },
        "HunterAgent.Policy.ExtrinsicValueEstimate.sum": {
            "value": 20072.640625,
            "min": 11829.8154296875,
            "max": 20072.640625,
            "count": 3
        },
        "HunterAgent.Environment.EpisodeLength.mean": {
            "value": 418.80252100840335,
            "min": 418.80252100840335,
            "max": 529.5820105820105,
            "count": 3
        },
        "HunterAgent.Environment.EpisodeLength.sum": {
            "value": 99675.0,
            "min": 99545.0,
            "max": 100091.0,
            "count": 3
        },
        "HunterAgent.Environment.CumulativeReward.mean": {
            "value": 64.55379025098891,
            "min": 52.62011639314872,
            "max": 64.55379025098891,
            "count": 3
        },
        "HunterAgent.Environment.CumulativeReward.sum": {
            "value": 15428.35586998635,
            "min": 9892.58188191196,
            "max": 15428.35586998635,
            "count": 3
        },
        "HunterAgent.Policy.ExtrinsicReward.mean": {
            "value": 64.55379025098891,
            "min": 52.62011639314872,
            "max": 64.55379025098891,
            "count": 3
        },
        "HunterAgent.Policy.ExtrinsicReward.sum": {
            "value": 15428.35586998635,
            "min": 9892.58188191196,
            "max": 15428.35586998635,
            "count": 3
        },
        "HunterAgent.Losses.PolicyLoss.mean": {
            "value": 0.04451276487492981,
            "min": 0.04451276487492981,
            "max": 0.047767617880405545,
            "count": 3
        },
        "HunterAgent.Losses.PolicyLoss.sum": {
            "value": 2.136612713996631,
            "min": 2.136612713996631,
            "max": 2.2928456582594663,
            "count": 3
        },
        "HunterAgent.Losses.ValueLoss.mean": {
            "value": 13.526354123734768,
            "min": 8.51847227755934,
            "max": 13.526354123734768,
            "count": 3
        },
        "HunterAgent.Losses.ValueLoss.sum": {
            "value": 649.2649979392688,
            "min": 408.8866693228483,
            "max": 649.2649979392688,
            "count": 3
        },
        "HunterAgent.Policy.LearningRate.mean": {
            "value": 0.00029849833962555355,
            "min": 0.00029849833962555355,
            "max": 0.00029969451647682787,
            "count": 3
        },