{
    "name": "root",
    "metadata": {
        "timer_format_version": "0.1.0",
        "start_time_seconds": "1774622001",
        "python_version": "3.10.11 (tags/v3.10.11:7d4cc5a, Apr  5 2023, 00:38:17) [MSC v.1929 64 bit (AMD64)]",
        "command_line_arguments": "C:\\Users\\crist\\AppData\\Local\\Python\\pythoncore-3.10-64\\lib\\site-packages\\mlagents\\trainers\\learn.py multi_agent_trainer_config.yaml --run-id=Boids_Run19",
        "mlagents_version": "1.1.0",
        "mlagents_envs_version": "1.1.0",
        "communication_protocol_version": "1.5.0",
        "pytorch_version": "2.11.0+cpu",
        "numpy_version": "1.23.5",
        "end_time_seconds": "1774622241"
    },
    "total": 239.79837239999324,
    "count": 1,
    "self": 0.010097299993503839,
    "children": {
        "run_training.setup": {
            "total": 0.13406329997815192,
            "count": 1,
            "self": 0.13406329997815192
        },
        "TrainerController.start_learning": {
            "total": 239.65421180002159,
            "count": 1,
            "self": 0.032311701972503215,
            "children": {
                "TrainerController._reset_env": {
                    "total": 12.82732360000955,
                    "count": 1,
                    "self": 12.82732360000955
                },
                "TrainerController.advance": {
                    "total": 218.88141169806477,
                    "count": 1399,
                    "self": 0.03476519847754389,
                    "children": {
                        "env_step": {
                            "total": 45.12493490049383,
                            "count": 1399,
                            "self": 33.67209710070165,
                            "children": {
                                "SubprocessEnvManager._take_step": {
                                    "total": 11.432610599207692,
                                    "count": 1399,
                                    "self": 0.2371226993855089,
                                    "children": {
                                        "TorchPolicy.evaluate": {
                                            "total": 11.195487899822183,
                                            "count": 2750,
                                            "self": 11.195487899822183
                                        }
                                    }
                                },
                                "workers": {
                                    "total": 0.020227200584486127,
                                    "count": 1399,
                                    "self": 0.0,
                                    "children": {
                                        "worker_root": {
                                            "total": 142.68229870073264,
                                            "count": 1399,
                                            "is_parallel": true,
                                            "self": 113.88911330199335,
                                            "children": {
                                                "steps_from_proto": {
                                                    "total": 0.004288099997211248,
                                                    "count": 2,
                                                    "is_parallel": true,
                                                    "self": 0.00031109998235478997,
                                                    "children": {
                                                        "_process_rank_one_or_two_observation": {
                                                            "total": 0.003977000014856458,
                                                            "count": 8,
                                                            "is_parallel": true,
                                                            "self": 0.003977000014856458
                                                        }
                                                    }
                                                },
                                                "UnityEnvironment.step": {
                                                    "total": 28.788897298742086,
                                                    "count": 1399,
                                                    "is_parallel": true,
                                                    "self": 1.0873626007814892,
                                                    "children": {
                                                        "UnityEnvironment._generate_step_input": {
                                                            "total": 1.237412299029529,
                                                            "count": 1399,
                                                            "is_parallel": true,
                                                            "self": 1.237412299029529
                                                        },
                                                        "communicator.exchange": {
                                                            "total": 23.52528899977915,
                                                            "count": 1399,
                                                            "is_parallel": true,
                                                            "self": 23.52528899977915
                                                        },
                                                        "steps_from_proto": {
                                                            "total": 2.9388333991519175,
                                                            "count": 2798,
                                                            "is_parallel": true,
                                                            "self": 0.33153639012016356,
                                                            "children": {
                                                                "_process_rank_one_or_two_observation": {
                                                                    "total": 2.607297009031754,
                                                                    "count": 11192,
                                                                    "is_parallel": true,
                                                                    "self": 2.607297009031754
                                                                }
                                                            }
                                                        }
                                                    }
                                                }
                                            }
                                        }
                                    }
                                }
                            }
                        },
                        "trainer_advance": {
                            "total": 173.7217115990934,
                            "count": 2797,
                            "self": 0.06545359909068793,
                            "children": {
                                "process_trajectory": {
                                    "total": 12.696978399995714,
                                    "count": 2797,
                                    "self": 12.696978399995714
                                },
                                "_update_policy": {
                                    "total": 160.959279600007,
                                    "count": 3,
                                    "self": 8.54860749997897,
                                    "children": {
                                        "TorchPPOOptimizer.update": {
                                            "total": 152.41067210002802,
                                            "count": 71,